epoch,train_loss,train_bce_loss,train_dice_loss,train_tversky_loss,train_focal_tversky_loss,train_dice,train_f1_score,val_loss,val_bce_loss,val_dice_loss,val_tversky_loss,val_focal_tversky_loss,val_dice,val_f1_score,val_best_dice,val_best_threshold,val_best_precision,val_best_recall,val_precision,val_recall,lr,epoch_time_sec,gpu_memory_gb
1,2.0323910855861094,0.5402306830938873,0.9951226583839072,0.9921127718697211,0.9940754861604213,0.01225809585307324,0.01225809585307324,1.9849263487587245,0.4867464781401808,0.9988722658573368,0.9981641597801291,0.998615203950729,0.011604382116986342,0.011604382116986342,0.013166994656267523,0.65,0.006692290238138663,0.40497744659898643,0.005861039774101128,0.5778694100529675,9.997557473810373e-05,13.090085506439209,7.335532188415527
2,1.792244431005832,0.3122825556683784,0.9874721031883507,0.9800498604114458,0.9849795458720937,0.2749357233401228,0.2749357233401228,1.74078386945253,0.24312522831575278,0.998543857265222,0.9976557043265345,0.9982295661087496,0.09798192640221913,0.09798192640221913,0.1536708806731652,0.85,0.11195841715361494,0.24492156021378902,0.05466417978279429,0.472051574551563,9.990232305719946e-05,9.309358596801758,2.097245216369629
3,1.6856297913564329,0.21562654036374881,0.9811667625045045,0.9703917319567483,0.9776729856581258,0.4884752746890062,0.4884752746890062,1.682236320555433,0.18436725653698696,0.9986727074760592,0.9978661300188088,0.9983927157839453,0.058136796339629225,0.058136796339629225,0.0730899570820076,0.75,0.04958909226745432,0.13893104206123488,0.03282793589260077,0.2538225659594071,9.978031724785248e-05,9.30854058265686,2.098587989807129
4,1.6183902989863537,0.1568266372537491,0.9757667514138572,0.9623861669021733,0.971593829700041,0.5913633973498201,0.5913633973498201,1.6374049641356014,0.13949087870086335,0.9986968270019718,0.9979212269230309,0.9984345102290371,0.19764911303989496,0.19764911303989496,0.19836996760067807,0.45,0.2285139192138179,0.17525195968635846,0.24986803589403692,0.1634833753701356,9.960967771506668e-05,9.2566819190979,2.098832130432129
5,1.5676811946717804,0.11822195999717794,0.9679483956382872,0.9511128859483403,0.9630216783518686,0.6720513689398925,0.6720513689398925,1.6062937643600292,0.10930213224147432,0.998106699416783,0.9970468170522999,0.9977698673783966,0.1723719541765172,0.1723719541765172,0.17285216569840234,0.55,0.14070140385925237,0.22404789065513492,0.13479319452843194,0.23900325480620874,9.939057285945934e-05,9.33220100402832,2.095902442932129
6,1.5302110384432583,0.09189724580748118,0.9606621721584915,0.9410333471718598,0.9553032486716974,0.6993228007441109,0.6993228007441109,1.5849965125334724,0.08969568715929539,0.99701965033488,0.9954633809839684,0.9965623503757504,0.12082163634508518,0.12082163634508518,0.1601798121354427,0.9,0.12377551719410085,0.2269207020333503,0.07200813294797545,0.3750928823348918,9.912321891107012e-05,9.472657918930054,2.097733497619629
7,1.495304548202219,0.07311264513412671,0.9500778476871055,0.9265868170297938,0.9442281173177228,0.7103164651901828,0.7103164651901828,1.5724171329247887,0.07616339923096585,0.997610881410796,0.9964123034952684,0.9972856993689099,0.1263010652415397,0.1263010652415397,0.12742752888706113,0.6,0.10400465919691593,0.164467143200927,0.09607713672995703,0.1842680871994096,9.880787971596802e-05,9.379908323287964,2.096879005432129
8,1.4545489006391783,0.061068426206822186,0.930792402647423,0.9021803881890526,0.9253761428685976,0.743152846821567,0.743152846821567,1.5785911129775956,0.08168067115443745,0.9980182094251064,0.9970615997223325,0.9977844540737059,0.09157812674015112,0.09157812674015112,0.09161258165107644,0.45,0.07637218169816494,0.11445196805888246,0.07972526449688198,0.10757082605095312,9.844486647586726e-05,9.367642879486084,2.0998458862304688
9,1.4042065299450843,0.05810186184714255,0.8977410975570776,0.8654105376192008,0.8967271452004906,0.7630113087854119,0.7630113087854119,1.5615863777266827,0.06421139786785254,0.9983170591650734,0.9974977036308935,0.9981158511689158,0.026376971112800896,0.026376971112800896,0.029656147210730448,0.25,0.025598242520058382,0.0352429592573415,0.028459422450025775,0.02457849734695368,9.80345374410087e-05,9.349039316177368,2.099564552307129
10,1.3438193133478473,0.056107474251426565,0.8559714907326528,0.8231658966770773,0.8634806930308041,0.7555726781886211,0.7555726781886211,1.5735040176543746,0.07648599174416902,0.9980992644864294,0.9971295716012718,0.9978375350681141,0.0717700646867255,0.0717700646867255,0.07297084204356226,0.55,0.11813753044767877,0.05278856317565866,0.09829188166016153,0.05651955500201122,9.757729755661012e-05,9.362845659255981,2.0965499877929688
11,1.2909443297723286,0.048930792225242374,0.823327187429701,0.7902623006290228,0.8373727040711213,0.7752345000251437,0.7752345000251437,1.5645208609366645,0.072991399276316,0.9942816450579017,0.9927759510281178,0.9944956286299214,0.19072215133761952,0.19072215133761952,0.19539304962973172,0.65,0.21863502098757667,0.17661772247272314,0.18684363767786447,0.19476509926625846,9.707359806323419e-05,9.26052975654602,2.096879005432129
12,1.2216276266505812,0.04231524087006331,0.7786572366648272,0.7457342528352543,0.8013103061833211,0.8183123368260327,0.8183123368260327,1.5394620669546788,0.054176367456375885,0.990224576412418,0.9871140831131929,0.9901222443006125,0.06861297364454887,0.06861297364454887,0.10173195689963524,0.9,0.06582275754254947,0.223854276773543,0.03860581021706089,0.30805538403558935,9.652393605146847e-05,9.189826726913452,2.097844123840332
13,1.166917989262121,0.03698455771904128,0.7437040419198788,0.710680718468645,0.7724587841425884,0.8178375239702149,0.8178375239702149,1.546889652540241,0.05221950836049406,0.9965302190396317,0.9950700916092972,0.9962798521931755,0.0873602399404334,0.0873602399404334,0.08917580671375842,0.35,0.08312716253190569,0.09617377107508232,0.0926896859458947,0.08261033374842618,9.592885397135708e-05,9.30037522315979,2.096379280090332
14,1.1130787224034435,0.031321733909162486,0.7087647395757435,0.6789656020510542,0.7459845000678067,0.857199930992496,0.857199930992496,1.5389421581974354,0.05032866736576054,0.9923566280185904,0.9901407368211861,0.9925137288747707,0.14451492730374202,0.14451492730374202,0.15221300751131076,0.8,0.15162734183517237,0.152803215036916,0.11953518469693551,0.1826930121086212,9.5288939097068e-05,9.354684591293335,2.095646858215332
15,1.0812522569192127,0.027407989533399145,0.688114061748555,0.6615075008781846,0.7314604116664022,0.8712538297924969,0.8712538297924969,1.5300750183177578,0.047361688855161024,0.9881142835969691,0.9858480395248533,0.9891980869868112,0.17893996247650748,0.17893996247650748,0.18724299896190585,0.85,0.20712165042617797,0.17084593567823944,0.15722358274481196,0.207616874757874,9.460482294732424e-05,9.363677501678467,2.097111701965332
16,1.0489745041834637,0.023459919299168776,0.6682137086403634,0.6420645021549481,0.7146017562083938,0.872905815540169,0.872905815540169,1.5341381815691235,0.045355220971838736,0.9924393932899599,0.9903795115671368,0.992687135798633,0.12450487476678701,0.12450487476678701,0.12486961877834615,0.6,0.1403766633350054,0.11244780274402547,0.12899371104458987,0.12031794539035681,9.387718066217127e-05,9.359514236450195,2.097966194152832
17,1.017645934701372,0.021537627340603802,0.6465470967544608,0.6237802354958435,0.6991224274470819,0.886202445400416,0.886202445400416,1.5227569920124233,0.04217643562513185,0.9866954777366549,0.9840472601338646,0.9877701602291159,0.20732146801356433,0.20732146801356433,0.210183236939158,0.3,0.21237033001067682,0.208040732174332,0.23315161260786685,0.18664378185461866,9.310673033669524e-05,9.398449420928955,2.097966194152832
18,0.9933166603924265,0.018045822397236167,0.6315408723470096,0.6102887226785875,0.6874599355880608,0.8907200894134204,0.8907200894134204,1.5223993806854839,0.041298459018191756,0.9875139874148081,0.9831895782930702,0.9871738739017634,0.1930475536490665,0.1930475536490665,0.19381143581419719,0.4,0.22257585114092426,0.17163085681982834,0.23454323703469995,0.16402758736163722,9.229423231234978e-05,9.35980772972107,2.0970382690429688
19,0.9805844752102125,0.01664029923624643,0.6234209773843089,0.6032996300030404,0.681046398575505,0.8924136694122098,0.8924136694122098,1.521895332756407,0.04277493200378239,0.9867943350982508,0.9798118962407558,0.984652131412056,0.07077951162752957,0.07077951162752957,0.07538244447122588,0.2,0.06327131447076924,0.09322770039031866,0.06965527025106416,0.07194063903042776,9.144048842659084e-05,9.30005145072937,2.096879005432129
20,0.9612087451264237,0.015264080586689294,0.6108706348291654,0.5914325089887216,0.6701480574157006,0.9078793462454301,0.9078793462454301,1.524132193150142,0.04314863662959758,0.9888112756985077,0.9793442384950046,0.9843445638179977,0.07194611018664268,0.07194611018664268,0.08618633328716545,0.1,0.08772205542845576,0.08470345679266324,0.10791464780172262,0.05396071208043141,9.054634122155993e-05,9.460761547088623,2.096879005432129
21,0.9475387816890135,0.014288377402718393,0.601690559335421,0.5829134801278935,0.6631196913717147,0.9118681021994344,0.9118681021994344,1.5316936553737956,0.04869210573732984,0.9904017611366117,0.9804935965440954,0.9851995833840269,0.05172846973430804,0.05172846973430804,0.058959552074640716,0.15,0.14673743365564212,0.036891293654678185,0.23329696155685203,0.029089177507284545,8.961267311259669e-05,9.30396318435669,2.0967941284179688
22,0.9459113653565184,0.013588738941676356,0.600822175914831,0.5826422856704949,0.6630008995304522,0.9104529367677109,0.9104529367677109,1.507629628839164,0.042138174415672816,0.979361524733459,0.9636545945214294,0.9722598662602243,0.17160675688692692,0.17160675688692692,0.1829467375986557,0.2,0.21607327417212582,0.1586273299075056,0.2506888160406143,0.13045389373207478,8.864040551740159e-05,9.230822563171387,2.096623420715332
23,0.9351345086930355,0.012633082904699028,0.5942702044620222,0.5747722292119031,0.6564624451189675,0.9164484440555335,0.9164484440555335,1.512646761136675,0.04667161774231184,0.9817773324105072,0.9584834706649574,0.9683956172538586,0.0570388909150885,0.0570388909150885,0.06296644309796953,0.15,0.10090578664962684,0.04576090255463273,0.14341126125146317,0.035598790174861804,8.763049794670778e-05,9.232551574707031,2.096501350402832
24,0.93627297261403,0.011809004030429981,0.5962746862506135,0.5747408426701515,0.6563785595143471,0.9139538761405559,0.9139538761405559,1.481229026187838,0.03478027103744651,0.9697896604920305,0.9392858750848885,0.9533181842006387,0.3310210225678294,0.3310210225678294,0.33363744351500335,0.7,0.4020319624593076,0.28513045389358294,0.36527676022511857,0.30263942815862593,8.65839470573599e-05,9.268065690994263,2.096379280090332
25,0.9211868234042212,0.014080815085446306,0.5863200991178087,0.5570729610460986,0.6415718212672962,0.9181608408143606,0.9181608408143606,1.4740258810873788,0.04830071690975526,0.9602013188969509,0.9107716883868164,0.9310476857693699,0.17316179028819775,0.17316179028819775,0.17324193197651042,0.45,0.27174314183756054,0.1271519921297908,0.2884843012113772,0.12370880472202085,8.550178566873413e-05,9.377617597579956,2.096390724182129
26,0.9061485236761314,0.01743636247376694,0.5788262538243802,0.53146524547109,0.6197718192253648,0.8892858865183075,0.8892858865183075,1.546514487880664,0.06960976432022643,0.9854469608854445,0.9776740994352396,0.9829155220299971,0.08086369999574071,0.08086369999574071,0.10126509189379775,0.6,0.11294726809029537,0.0917729798745739,0.06799163926120604,0.0997477786731171,8.438508174347012e-05,9.36392092704773,2.095658302307129
27,0.8477365992950622,0.01657122243362363,0.5437150172114982,0.4816955077181074,0.5749007223818128,0.8792169719959253,0.8792169719959253,1.4412604851201702,0.04259391251772287,0.942220286977306,0.8882944667344278,0.9128925804285574,0.24966041836452424,0.24966041836452424,0.26065659888020865,0.9,0.2379136069113443,0.28820734476861143,0.20378154041667645,0.3221996630070213,8.32349373335208e-05,9.23939323425293,2.097977638244629
28,0.7618113305337181,0.01863705980558951,0.483120074314803,0.422147048697561,0.520108390834303,0.8891420986917993,0.8891420986917993,1.14951969460922,0.060528798051419364,0.7419200610658861,0.6335706851717146,0.6941416756860141,0.2823052127124115,0.2823052127124115,0.29186411647149774,0.85,0.4074147000080566,0.22737595629547186,0.3405888180753689,0.24105451538956105,8.205248749256017e-05,9.329368114471436,2.0958032608032227
29,0.6839572906849535,0.017038500813641975,0.4324288231144569,0.3677392771794402,0.46897993654368075,0.8846526882042635,0.8846526882042635,1.1355745704232483,0.05867366906688507,0.7414120649915045,0.602158217371674,0.6709776752758779,0.029113438236734034,0.029113438236734034,0.0351735086384005,0.05,0.05143674398455846,0.026723948467296667,0.057857543116776884,0.019450345888572883,8.083889915582238e-05,9.452537059783936,2.098221778869629
30,0.4490575513578761,0.010870312744342235,0.29091282018810966,0.20218691694370933,0.2945488371665778,0.9036015513401982,0.9036015513401982,0.6454929375752503,0.07316816113100923,0.3916918495209523,0.30074205141519184,0.3612658563780002,0.07393114385776166,0.07393114385776166,0.08956027373792219,0.05,0.20297249334478895,0.0574562275643073,0.2337781740165665,0.04390848866048293,7.959536998847746e-05,9.159868240356445,2.099919319152832
31,0.3202998926149113,0.013452037150074777,0.19749694950942084,0.13588066188399592,0.218701811383591,0.9076591580046738,0.9076591580046738,0.5373768340912309,0.06676798993539615,0.32246513484571304,0.23328010078579942,0.2962874229339628,0.09727127097967685,0.09727127097967685,0.12062457923420826,0.05,0.35484118263267617,0.07266276648068955,0.3732276314857399,0.05592301493440366,7.83231272036805e-05,9.19468379020691,2.098210334777832
32,0.25559255365263256,0.011079925730865635,0.15311368035701511,0.10702093709672736,0.1827978956524213,0.9150470123471934,0.9150470123471934,0.36938300934950247,0.08124726580956788,0.19246219476823445,0.13934644376979013,0.1913470905452137,0.05285768020111018,0.05285768020111018,0.061633177400168875,0.05,0.4186919581082876,0.03326495798053748,0.48767123287225866,0.027943192640564753,7.702342635146036e-05,9.268724918365479,2.096989631652832
33,0.230604903845456,0.011396350443025645,0.13373296838602783,0.0978606984247747,0.1709511691142743,0.9125259089126323,0.9125259089126323,0.30561299266090125,0.0884295427868931,0.1450033426829577,0.10427426160199046,0.14436021344415073,0.007429366315686889,0.007429366315686889,0.01145083777113316,0.05,0.8026219955715497,0.005766553986873101,0.8498212156317257,0.00373099182635256,7.56975500796434e-05,9.219237327575684,2.0972824096679688
34,0.2326236933063608,0.012381752891776765,0.13303716480731964,0.10125762480588747,0.1744095510414451,0.9060952351686403,0.9060952351686403,0.33195759679179593,0.08725488001705149,0.16364421324953776,0.11727864176691148,0.16211700380950436,0.02829701849224773,0.02829701849224773,0.037230661588246804,0.05,0.31884547218905523,0.019769547152819034,0.33243084166765824,0.014777448692313646,7.434680686803493e-05,9.219815492630005,2.098832130432129
35,0.24986350471613963,0.023006274727521404,0.13663055327620985,0.10667822813358177,0.18045335436268398,0.896950800531468,0.896950800531468,0.30242567891692246,0.06489593094292874,0.1546016594013536,0.11997015804584758,0.16585617998748783,0.294552795479534,0.294552795479534,0.3018085175340955,0.05,0.3964645174471666,0.2436395223491938,0.42965356021267004,0.22408975311601967,7.297252973710759e-05,9.334798336029053,2.097111701965332
36,0.20825793079752633,0.012200317313152458,0.11575933993878113,0.09118577441933615,0.16059654739921758,0.9055340996080025,0.9055340996080025,0.29014394713676367,0.09257631772517694,0.1296349481571548,0.10151072713810723,0.13586535904824262,0.004202286538261303,0.004202286538261303,0.006669581219431932,0.05,0.11689237348330556,0.003432721792548779,0.13255360623351028,0.0021349855051218014,7.157607493247112e-05,9.406445741653442,2.097844123840332
37,0.18357931583916715,0.010186498115502634,0.10047115601307285,0.07987839762863959,0.14584332326937982,0.9180164402878161,0.9180164402878161,0.27102358082226563,0.0949607521654567,0.11437987399685665,0.09216926585206561,0.12336591599910746,0.01899800510609166,0.01899800510609166,0.02244195203803682,0.05,0.6861819326192578,0.011407520591091978,0.768394648797308,0.009617900388269292,7.015882058642166e-05,9.381118774414062,2.096146583557129
38,0.17606546154667765,0.01320014526450336,0.09376188381567115,0.07454111342028012,0.13820686367906795,0.9108295964036149,0.9108295964036149,0.27205854428504134,0.09751292901818377,0.11235968822456267,0.09458683324048367,0.12437184987102969,0.0,0.0,7.2584366364367e-05,0.05,0.003939223410020303,3.662965327414855e-05,0.0,0.0,6.87221653578916e-05,9.274322032928467,2.0956954956054688
39,0.19023214636951227,0.015606876205671992,0.10058264551109919,0.08160799774745864,0.1480852497148199,0.9098195422501035,0.9098195422501035,0.26508850350165003,0.10374934588543593,0.10311274398249812,0.09014969549091911,0.11645283053989325,0.0008324358634176527,0.0008324358634176527,0.0013556796249624312,0.05,0.06067623899672644,0.0006854977969876372,0.07239819003869699,0.00041862460884741203,6.726752705214197e-05,9.268193006515503,2.0983810424804688
40,0.17067906415340645,0.011072917846184195,0.09116508259582357,0.07377673025533328,0.1368821281368576,0.9174288309146243,0.9174288309146243,0.27074349266030034,0.10001805322898367,0.10910396430816302,0.09570024679149886,0.12324295600463753,0.0001621870929483271,0.0001621870929483271,0.0003604343233594679,0.05,0.004158484463391955,0.00018838107398133543,0.002580228995281725,8.372492176948241e-05,6.579634122155994e-05,9.278363466262817,2.095890998840332
41,0.1717203786403093,0.01254223784452299,0.09000972583509181,0.07478179469120766,0.1383368310532842,0.9200753883446934,0.9200753883446934,0.27138974273319644,0.09206442806115603,0.11525333586400804,0.10042211387382288,0.1281439591996994,0.04006251977713422,0.04006251977713422,0.04977809371037147,0.05,0.23417081004869023,0.027849002103574088,0.23912545787408923,0.021862670197056094,6.431005974894189e-05,9.268802404403687,2.0949630737304688
42,0.15788724444159252,0.009758436126319133,0.08379790440734851,0.06819936125404384,0.1286618086149253,0.9276543734843425,0.9276543734843425,0.27642971079674283,0.09665409957171534,0.1156881255483449,0.10030977179709935,0.1281749724681707,0.03557853415671618,0.03557853415671618,0.04249481456508248,0.05,0.2018952707202834,0.023746480936869447,0.20890487969300142,0.01944511308096229,6.281014941466034e-05,9.224656820297241,2.0970382690429688
43,0.17656076228598314,0.0141473602460718,0.09241452302904307,0.07660668674583533,0.1399977555723775,0.9171402530350362,0.9171402530350362,0.2884771591040805,0.08839853508700016,0.13049632456969265,0.10620366670206764,0.13916459574360643,0.012880339745184672,0.012880339745184672,0.015446297518536815,0.05,0.13149949681204712,0.008205042333409277,0.1424624226332619,0.0067450890100539266,6.12980904491289e-05,9.251729249954224,2.096501350402832
44,0.16465993544477112,0.010366298476039511,0.08718316023455365,0.07240811424421899,0.13422095524924577,0.9214566889956406,0.9214566889956406,0.2949383806779293,0.093593140751394,0.12854744170184546,0.1107655578893797,0.14559559878170814,0.01615168539325055,0.01615168539325055,0.022752055922999788,0.05,0.12639542881262159,0.012501177381705843,0.11867564855870233,0.00866552940314143,5.977537507199341e-05,9.25765323638916,2.099431037902832
45,0.15693346382748635,0.010796586367252323,0.08177676667448203,0.0686668922689948,0.12872022098276187,0.9261267678151072,0.9261267678151072,0.2628935902280014,0.09743836624212728,0.10466987573114925,0.09537006028717764,0.12157070111734061,0.005668865621655839,0.005668865621655839,0.009284606600941782,0.05,0.0985706723123497,0.004871743885461757,0.07833844438140036,0.0029408378771530698,5.8243506019491463e-05,9.375722169876099,2.097855567932129
46,0.1577334030129942,0.011308059724411405,0.08152712782562489,0.06934377431767966,0.1297964315886849,0.9258026780362808,0.9258026780362808,0.2535016213895426,0.09721973074375642,0.0993442177822048,0.09058365442468558,0.11387534741827646,0.016435588554680185,0.016435588554680185,0.01964880018388536,0.05,0.21815357301133873,0.010287699762425152,0.23637948568594538,0.008513777982434242,5.67039950614331e-05,9.360759019851685,2.095902442932129
47,0.13130265529056476,0.00904111954219747,0.06676130202397373,0.05587993717071754,0.11100046627470998,0.9319353421543874,0.9319353421543874,0.24682964867706003,0.09933404840832108,0.09314560749048408,0.08765143054523158,0.10869998129480915,0.016755816858811206,0.016755816858811206,0.021313814154418628,0.05,0.2909040869644846,0.011062155288792863,0.3280095827444997,0.008597502904203726,5.515836150926649e-05,9.203020572662354,2.096501350402832
48,0.13434397541557708,0.008313746641307128,0.0688748923487314,0.05811672933158517,0.11431067215129606,0.9292505312209205,0.9292505312209205,0.24596591507934737,0.10216057971538331,0.09090609381096859,0.08567803263614719,0.10579848395583909,0.0013859225434774318,0.0013859225434774318,0.0039006015571510684,0.05,0.1174465447747925,0.0019832340844146146,0.059004843678599525,0.0007011962198194152,5.3608130716701046e-05,9.350006103515625,2.096390724182129
49,0.1336548821572246,0.009556888750925517,0.06786001289621935,0.05682915878153741,0.11247596032504989,0.929052290825454,0.929052290825454,0.2557641670214632,0.1013055953609225,0.0977309565847228,0.08949916420707972,0.11345523587529795,0.005859706295069181,0.005859706295069181,0.008262943405472406,0.05,0.17168930390127995,0.004233341356969455,0.1653611836331488,0.002982700338037811,5.205483257436738e-05,9.280037641525269,2.097599983215332
50,0.12695075240893705,0.007430303929182649,0.06529294025451199,0.054158207581234144,0.10845501582238194,0.9305609010301683,0.9305609010301683,0.2562744122249661,0.10348768560377689,0.0969159937667609,0.08901435693963514,0.11174146171448746,0.002069868408114883,0.002069868408114883,0.0037383947559468085,0.05,0.11713455953155423,0.0018995091626451321,0.0931532370706496,0.0010465615221185302,5.050000000000003e-05,9.185391902923584,2.096390724182129
51,0.14272855811163757,0.011733513865041137,0.07192706927225577,0.06090852920302337,0.11813595059630819,0.9295210784496455,0.9295210784496455,0.25059749015676974,0.09821135362182258,0.09639337115333345,0.08881524513507712,0.11198553417185976,0.019376536812361875,0.019376536812361875,0.025822858607522793,0.05,0.32647096199864695,0.013443082751612519,0.33257760724917024,0.009978964113400185,4.894516742563268e-05,9.260557651519775,2.096501350402832
52,0.1310201212478202,0.009971840455164274,0.06564181657219258,0.055833980212625894,0.11081292775334248,0.9347875375018762,0.9347875375018762,0.25060112965144266,0.10317007622315515,0.093398910292858,0.0882037265151182,0.10806429104749493,0.009804971865541388,0.009804971865541388,0.01289723118563989,0.05,0.18440433212730103,0.0066822953187268145,0.19528551107101635,0.0050287281137795375,4.739186928329902e-05,9.265488624572754,2.096390724182129
53,0.12972178838169757,0.007527586463950434,0.06648319368163406,0.05628194331208933,0.11142201642339233,0.9330781792820185,0.9330781792820185,0.2842304522170069,0.10339366564852505,0.11338032601926651,0.10657525562774506,0.13491292232701707,0.0147706991924358,0.0147706991924358,0.016886991137213123,0.05,0.10686184812377637,0.009167878933758323,0.12768496419938896,0.00783874580066779,4.584163849073357e-05,9.31264328956604,2.096390724182129
54,0.15113764247671405,0.013579404268210275,0.07571689977454976,0.06472021986110044,0.12368267690651817,0.9203127933351435,0.9203127933351435,0.25953317307671714,0.1000141241093621,0.10064385498912194,0.09093355674391027,0.11775039173264132,0.03016183175508284,0.03016183175508284,0.03448976456769633,0.05,0.3253248574336232,0.018210170484862426,0.35461828463295686,0.015750750907883877,4.429600493856697e-05,9.368531227111816,2.096390724182129
55,0.12609778092999577,0.008845090276674324,0.063589736793882,0.05363402283374455,0.10732590797114515,0.9304670632387099,0.9304670632387099,0.25403544803921524,0.10090019296849073,0.0960345134529079,0.09001063409067557,0.1142014852075133,0.02351969043491096,0.02351969043491096,0.029142211402983346,0.05,0.29943734015038936,0.015316427876204687,0.3166892808640884,0.012213372963123246,4.275649398050859e-05,9.324797630310059,2.096390724182129
56,0.12036258918970975,0.009275236325063533,0.059739701817957666,0.05035929407232665,0.10269530208581452,0.9351783910572316,0.9351783910572316,0.26809767989954814,0.1018184776363282,0.10500588635463264,0.09573761060815358,0.12254663474090152,0.023212618446918288,0.023212618446918288,0.027612601369360088,0.05,0.2133081285428105,0.014761750269481868,0.22791105909666556,0.012229071385955024,4.122462492800665e-05,9.393293619155884,2.096390724182129
57,0.12422206486992576,0.007977907993833331,0.06314931754054569,0.05278407392652112,0.10618967958765653,0.9339154576608327,0.9339154576608327,0.25801420521968454,0.09950425067429527,0.09964080336285074,0.09371621867755561,0.11773830210990464,0.038886684428302024,0.038886684428302024,0.05122338266226371,0.05,0.21624990262438165,0.029052547854010395,0.19990286546770322,0.02153823612519935,3.9701909550871175e-05,9.346871852874756,2.096390724182129
58,0.1226924106992743,0.007374821881260852,0.0623867784894914,0.052850322229898765,0.10586162076174603,0.9369613183611489,0.9369613183611489,0.2461251699848168,0.10469156902581896,0.08905516772236526,0.08537555751237921,0.10475686446440108,0.0041857275899807676,0.0041857275899807676,0.006318730158726949,0.05,0.10774294127649849,0.0032548063337886285,0.09458834412362192,0.002140218312732394,3.81898505853397e-05,9.35871958732605,2.096390724182129
59,0.11966477116185924,0.006741378574306463,0.060926259960185934,0.0515656708097133,0.10399426582382018,0.938025000058313,0.938025000058313,0.25475270121513494,0.1027348536599656,0.09589033021340491,0.09088609284962368,0.11225503594484947,0.01709840905197176,0.01709840905197176,0.021920673256468928,0.05,0.22660352105192416,0.011517409550914424,0.22944835045660564,0.008880074515175728,3.668994025105817e-05,9.299111127853394,2.097355842590332
60,0.10992209662189882,0.006162604062260246,0.05523214279792987,0.04686067412009231,0.09705469941679115,0.9415493026172148,0.9415493026172148,0.24657178634648433,0.1051101681930609,0.089049843247124,0.08541816690921981,0.10482354887190852,0.00476880017601336,0.00476880017601336,0.00818564972324776,0.05,0.13829787233805255,0.004217642934137677,0.10749711649117655,0.002438488346536175,3.520365877844013e-05,9.239885807037354,2.096390724182129
61,0.11601811540479656,0.006152672355067059,0.05926069777198707,0.049639492338520094,0.10120949016810987,0.9396625441086375,0.9396625441086375,0.2601694579849095,0.10261119199416903,0.09889872959653619,0.09239850888174998,0.11731907916183715,0.014218723327334783,0.014218723327334783,0.018546435513935342,0.05,0.1771840060623727,0.009785350231808257,0.17542120911576534,0.007409655576599193,3.373247294785809e-05,9.23986005783081,2.096390724182129
62,0.11522913729261093,0.006501627759370867,0.05824998683681683,0.049360924141776626,0.1009550448158023,0.9401247617674474,0.9401247617674474,0.251923756681864,0.10415231447301947,0.0927834319137269,0.08860389362691,0.10997602005737188,0.013048293859709069,0.013048293859709069,0.01690513009142337,0.05,0.19371487555690198,0.008838212054290986,0.19471698112913635,0.0067503218176645195,3.227783464210847e-05,9.258246660232544,2.096390724182129
63,0.11609596523791044,0.006542059176419162,0.05889188740688044,0.049812439378522325,0.1013240370188651,0.9391004009686394,0.9391004009686394,0.2549869959959609,0.1018989314381371,0.09659972443935234,0.09111431601337738,0.11297668293729815,0.013356440672895013,0.013356440672895013,0.018147856861965125,0.05,0.14961906305600892,0.009659762849154032,0.13824742267898713,0.007017195005804744,3.0841179413578366e-05,9.290540933609009,2.096390724182129
64,0.11497353303866553,0.006204199222936623,0.058473776232647934,0.04930514719153182,0.10059111426049745,0.9398844921786322,0.9398844921786322,0.24771272757573895,0.10272112562785368,0.09119485399759703,0.08736858503621397,0.10759350252606666,0.014974681825716941,0.014974681825716941,0.01925995968844688,0.05,0.19678633173805768,0.01012548272649678,0.1917085103618938,0.007791650532172457,2.9423925067528915e-05,9.305325984954834,2.096390724182129
65,0.10711512012562668,0.006599283604862949,0.05340688971380562,0.04506744269211816,0.09421789354535241,0.9411771708584127,0.9411771708584127,0.25071788468952616,0.10383895193420996,0.09240919373864498,0.0882062712892438,0.10893947585812051,0.006734349250266152,0.006734349250266152,0.01042448293053345,0.05,0.1385727674368915,0.0054159558769633935,0.12031988367647548,0.0034641186382123345,2.8027470262892447e-05,9.319515466690063,2.096390724182129
66,0.11131773856698553,0.006411140886995174,0.055948653532861645,0.04756721420121558,0.09791588749073357,0.9431107694177389,0.9431107694177389,0.24922706610857853,0.10390155375547995,0.09133850584695782,0.08768039359856207,0.10797401498912246,0.009109971092377595,0.009109971092377595,0.01269540597590256,0.05,0.1703853955352213,0.00659333758934674,0.16617155588254418,0.004683362811480422,2.6653193131965096e-05,9.277030229568481,2.096390724182129
67,0.10308451351457397,0.005985846553065927,0.05136220708007098,0.0434068975751201,0.09147291934019307,0.9428531653371276,0.9428531653371276,0.24674422117629202,0.10567823877016043,0.08871656695886128,0.08599640791179433,0.10469882940576734,0.004321999180661449,0.004321999180661449,0.007234228467498179,0.05,0.1240418118445289,0.003725759018741967,0.10100526567494005,0.0022082448116700986,2.530244992035663e-05,9.314946174621582,2.096390724182129
68,0.10813583802825294,0.006151388497612061,0.05401299223684574,0.04626323800578434,0.09594291521893145,0.941403787871977,0.941403787871977,0.2461452002499344,0.10473794643994978,0.08895803592390275,0.0856942692187301,0.10489843468834527,0.002920068272017253,0.002920068272017253,0.004745721196531671,0.05,0.09560032894540296,0.0024332555389255826,0.08318687756053934,0.0014861173614083127,2.3976573648539666e-05,9.329474925994873,2.096390724182129
69,0.10183954910649656,0.005715477956175561,0.05087152920549123,0.04280845600051815,0.09050508311535573,0.9454381671989059,0.9454381671989059,0.24601175184978777,0.10585158403763435,0.08816129605602713,0.08536025734427166,0.10399773633254573,0.0029038675175017937,0.0029038675175017937,0.004086913661379648,0.05,0.10856519366861525,0.002082657429015875,0.11549527332036601,0.0014704189385765349,2.2676872796319543e-05,9.438534021377563,2.096390724182129
70,0.10615759456190685,0.005936432320851139,0.053094811394836065,0.04529588315413798,0.0942527017963882,0.9427772008280292,0.9427772008280292,0.24527923654334247,0.10629332405180984,0.08746184141842914,0.08501478634684918,0.103048142441945,0.004398174498864547,0.004398174498864547,0.005734110234920559,0.05,0.17548834277960024,0.0029146738391001062,0.19675925925015006,0.0022239432345018766,2.1404630011522596e-05,9.229638814926147,2.096390724182129
71,0.09845164795509291,0.005609408562635402,0.048602613390405905,0.04132886487336947,0.08847925257178903,0.9471881913565225,0.9471881913565225,0.2466855667720889,0.1053589566529383,0.08893750619729822,0.08593116348394973,0.10477820386745246,0.007141208156979792,0.007141208156979792,0.010401332511544664,0.05,0.19563134699759283,0.005342696570415096,0.1820559769766661,0.003642034096972485,2.016110084417767e-05,9.231557369232178,2.096390724182129
72,0.1008875363441327,0.00584685962631495,0.049981757236907995,0.04261899931162748,0.09011783877393989,0.9471074265581682,0.9471074265581682,0.245786819433001,0.10553414034197642,0.08834233710416184,0.08533367310315185,0.10382067950579404,0.004203953571040013,0.004203953571040013,0.0061814944069725096,0.05,0.13981481481157837,0.003160615796797961,0.13595468176821213,0.0021349855051218014,1.894751250743987e-05,9.329046249389648,2.096390724182129
73,0.10139511352376393,0.005613221708876343,0.05043951555248826,0.04271709959592283,0.0906847526051193,0.9469260605319859,0.9469260605319859,0.2421269972425509,0.10705834808067499,0.08505099811244912,0.08311770917668994,0.10003530550470494,0.0009237060331491507,0.0009237060331491507,0.0016837277525841173,0.05,0.06478537360632809,0.0008529476405266021,0.055624999996523435,0.0004657198773427459,1.776506266647925e-05,9.278189420700073,2.096390724182129
74,0.09590368784862544,0.005301037915443662,0.04747607407923248,0.040078777242356714,0.08625315182748707,0.9484433355811649,0.9484433355811649,0.24588706585902476,0.10601932234076827,0.08790766375660153,0.08584737240351925,0.10392015533904632,0.007879092482874711,0.007879092482874711,0.009882836505037183,0.05,0.13213900861890976,0.00513338426599139,0.13208510638073048,0.004060658705819897,1.661491825652992e-05,9.323341369628906,2.096390724182129
75,0.09850268158903012,0.005657284498797468,0.04882256247522072,0.041457294478530166,0.08804566850901614,0.9460351053171285,0.9460351053171285,0.2497407528872133,0.10507558754032766,0.09096273374993324,0.08799024927304105,0.10740486339675236,0.008189975106914929,0.008189975106914929,0.0112469168538595,0.05,0.12809116808970836,0.0058816757543061395,0.1167746580256764,0.00424380697219064,1.549821433126591e-05,9.287514686584473,2.096390724182129
76,0.09442050817376559,0.005047766445374119,0.04670609325627452,0.03928313024811688,0.08533329655395684,0.9484982788768886,0.9484982788768886,0.24572641383165877,0.10493634771806587,0.08872081032916625,0.08530467268238931,0.10413851531579012,0.008217948979379566,0.008217948979379566,0.010878639917013242,0.05,0.16454921169195547,0.005625268181387099,0.15947764146894583,0.004217642934137677,1.4416052942640147e-05,9.257886171340942,2.096390724182129
77,0.08923968727965371,0.005742506094490437,0.043177892671330015,0.036685125816619785,0.08063857691454522,0.9488445204968614,0.9488445204968614,0.2442437646248717,0.10610325086481324,0.08689761642207236,0.08440099532147587,0.10248579875800927,0.004447609922062068,0.004447609922062068,0.006275852232203336,0.05,0.11832500960202988,0.003223409488125073,0.10692288740805808,0.0022710385029972103,1.3369502053292257e-05,9.269758224487305,2.096390724182129
78,0.09599624780122527,0.005038857629421946,0.04766560565470837,0.040540926754982345,0.08658356877405583,0.9478601070057568,0.9478601070057568,0.2434698751512671,0.1067394867078484,0.08605419519683559,0.08387293506570015,0.10135238372533507,0.0029613025618336624,0.0029613025618336624,0.004335068042162455,0.05,0.09397163120359106,0.0022187104268912836,0.08453184619652093,0.0015070485918506835,1.2359594482598444e-05,9.280843019485474,2.096390724182129
79,0.1041908696059017,0.010366396266115251,0.049130151229172796,0.042201375407904536,0.08938864410063173,0.9438390403273832,0.9438390403273832,0.2372573990515837,0.10450766557908858,0.083478161592329,0.0813574315504162,0.09854314934638746,0.009314227226197895,0.009314227226197895,0.011097988107838287,0.05,0.204502814255075,0.005703760295545989,0.2117263843598947,0.004761854925639312,1.1387326887403332e-05,9.238565683364868,2.096390724182129
80,0.0989446846746048,0.007134234491941568,0.04812242349631945,0.04064688568830084,0.087376053515644,0.945611452480773,0.945611452480773,0.23991918394273967,0.10416158670610033,0.08531894322792723,0.08272160939472961,0.10087730815715579,0.016011394860182635,0.016011394860182635,0.021043480867508485,0.05,0.2325786858063768,0.011020292827908122,0.23031095611406116,0.008294000062789351,1.0453658778440112e-05,9.212182760238647,2.096390724182129
81,0.09758890354196705,0.006051360989950147,0.04793993796156862,0.04085987006683772,0.08719520860080317,0.9456535926187004,0.9456535926187004,0.24449544629678138,0.10477567875849988,0.08771084538128152,0.08526832774114351,0.10401784899567362,0.01203025792143268,0.01203025792143268,0.0164237322931554,0.05,0.19049831571389825,0.008581804481371948,0.1856249999970996,0.006216575441384069,9.5595115734092e-06,9.269715070724487,2.096390724182129
82,0.09181369220428613,0.00535186303205302,0.044938913906656296,0.038218957398981616,0.08304583132854033,0.9509047632013996,0.9509047632013996,0.24636708879771774,0.1039497683301294,0.08935844841268878,0.08670291157248211,0.10611774148110929,0.0173824543017708,0.0173824543017708,0.02231513272968076,0.05,0.23398474239487943,0.011716256240116945,0.23393002440691715,0.009026593128272323,8.70576768765027e-06,9.234949827194214,2.096390724182129
83,0.1002184372868078,0.006996071770167433,0.04894406656898063,0.04183977933717952,0.08855659806358372,0.9491015421016206,0.9491015421016206,0.24548089295700362,0.10319486772370089,0.08933890128363502,0.08631558999214917,0.10589424491595704,0.013595120322877232,0.013595120322877232,0.01758263789689117,0.05,0.20848686556271856,0.00917834454897951,0.20314389358822335,0.007032893428636522,7.893269663304789e-06,9.228094816207886,2.096745491027832
84,0.09679929922244415,0.007136538713697196,0.046918105936943975,0.039608837798669354,0.08548930952455563,0.9469555953501182,0.9469555953501182,0.24243675214266516,0.10453511347650019,0.08649933816092015,0.08452838124404768,0.10280460439996557,0.009312656654367313,0.009312656654367313,0.012159621565886267,0.05,0.17780076854599763,0.0062950675555429585,0.17610789980392857,0.004782786156081683,7.1228193378287565e-06,9.284873723983765,2.096390724182129
85,0.09232322375402743,0.005660597330309474,0.04509789490313912,0.03811235233405177,0.08312946323184789,0.9486240389403352,0.9486240389403352,0.24309329707943533,0.10472826405774242,0.08686344659224456,0.08453148127988903,0.10300317059492937,0.010030487804872952,0.010030487804872952,0.013019468741176075,0.05,0.17530529172082354,0.006760787432885705,0.17321867321563322,0.005164781111654946,6.395177052675798e-06,9.240437030792236,2.096390724182129
86,0.09039113053883818,0.005337978322421414,0.04402174880598026,0.03738258824742429,0.08206280656444509,0.9501165055250093,0.9501165055250093,0.24458514410777207,0.1042846021170641,0.08810895884438179,0.08558869104341793,0.1043831740218123,0.013032277617814298,0.013032277617814298,0.016795872099125274,0.05,0.19267424503166064,0.008780651170574468,0.18782760628730594,0.0067503218176645195,5.711060902932045e-06,9.257171154022217,2.096390724182129
87,0.09173664136819884,0.0066871115174299695,0.043999021133531706,0.03760940938223363,0.08210101785547587,0.9483706636304795,0.9483706636304795,0.24510125653128753,0.10397275249137163,0.08852930709342022,0.0862289577734931,0.10519839216106484,0.013606604328179636,0.013606604328179636,0.01866903670748764,0.05,0.18250655276009603,0.009837678307914183,0.1709811844908324,0.007085221504742449,5.071146028642947e-06,9.333808183670044,2.096390724182129
88,0.08932041689385446,0.005999268521061752,0.04305420328547235,0.03635663763830974,0.08053389003062446,0.9502086116019184,0.9502086116019184,0.24666215110157927,0.10398557054496232,0.08946980994719413,0.08715315443576992,0.10641354288210172,0.011522675194514883,0.011522675194514883,0.015101223049542428,0.05,0.15873847443253625,0.007927703530047866,0.1532895618363488,0.005986331906517992,4.476063948531561e-06,9.227801084518433,2.096390724182129
89,0.0938119887988348,0.005399138883039128,0.04610773870242312,0.03929145908335405,0.0846102224961177,0.9502426711107053,0.9502426711107053,0.24566219860028535,0.10351974087140688,0.08912249593552485,0.08684680193947418,0.10603992840135683,0.013495940674087345,0.013495940674087345,0.01796769584886798,0.05,0.1727723716831447,0.00947661458278329,0.16656339075267612,0.007032893428636522,3.926401936765843e-06,9.233566522598267,2.096390724182129
90,0.08943155114229584,0.005972436992531621,0.04321736036411136,0.03650084965476795,0.08048350728883248,0.948890133162239,0.948890133162239,0.24698474637378204,0.1044515811363871,0.08946375154488108,0.08707984993454823,0.10613882812739268,0.011365638323034109,0.011365638323034109,0.014233740343875288,0.05,0.14956011730048638,0.007472449267926305,0.14920047574799525,0.005907839792359103,3.4227024433899027e-06,9.32651162147522,2.096390724182129
91,0.08997287776073666,0.005503661166441422,0.04382907458322418,0.037139636669085825,0.08128028453821141,0.9502642447177568,0.9502642447177568,0.24776981212213245,0.10397918866371195,0.09029840576138594,0.08785067285102682,0.1069844343165465,0.012527268624150585,0.012527268624150585,0.01736932113910954,0.05,0.16477005548608323,0.009167878933758323,0.15042755630313828,0.006535776705630221,2.9654625589913256e-06,9.190162897109985,2.096390724182129
92,0.08549483797514536,0.005055364789915838,0.04146448026523882,0.03481317914425819,0.07794998552621654,0.9494054945792363,0.9494054945792363,0.24868889212425324,0.10339501454115597,0.09112875261988242,0.08838076971852041,0.10833025191812673,0.013461066569174026,0.013461066569174026,0.01825236568079233,0.05,0.16834033229716686,0.009649297233932848,0.1565521257989918,0.007032893428636522,2.5551335241327686e-06,9.328470468521118,2.096390724182129
93,0.08649328715934258,0.005012599621465956,0.0420119231868237,0.03552649247585407,0.07893752894527716,0.9500685234669879,0.9500685234669879,0.24808787704086743,0.10388217218993258,0.09047390741582823,0.08786899656193554,0.10746359173866243,0.01349119769407934,0.01349119769407934,0.018331379503075017,0.05,0.16746497966409882,0.009696392502428182,0.15437471369497965,0.007053824659078893,2.1921202840320086e-06,9.279750347137451,2.096390724182129
94,0.08338417687010674,0.00549763915959184,0.039883206228787486,0.033550670214974695,0.07600666344280035,0.9521230836646063,0.9521230836646063,0.24790719455956567,0.10410447755971625,0.09018099657172823,0.0880715066484262,0.10724344411333825,0.012280402524298803,0.012280402524298803,0.01826062806244011,0.05,0.17476741978189891,0.00963359881110107,0.1485436893185856,0.006404956515365405,1.8767810889299092e-06,9.25678277015686,2.096390724182129
95,0.08884621159295715,0.005112345399899763,0.04345247880563622,0.03668583581760348,0.08056277553495368,0.9516058347000662,0.9516058347000662,0.24690083681520053,0.10434956777111601,0.08953970747465508,0.08690577908873706,0.10602312200093517,0.012591509524018534,0.012591509524018534,0.016384972327373345,0.05,0.16198428290607086,0.00862889974986728,0.15818709758669125,0.006556707936072591,1.6094271405406865e-06,9.308310747146606,2.096390724182129
96,0.08690220298439112,0.005166974263531357,0.04201936787803494,0.03565319590714762,0.07943172191049161,0.9520566824808662,0.9520566824808662,0.24771193565212082,0.10454696668782491,0.08974405520181217,0.08759655569121706,0.10684182672800266,0.01155083219179221,0.01155083219179221,0.01477671079155961,0.05,0.14452214452074083,0.007786417724561864,0.14052008301623098,0.006022961559792141,1.3903222849333511e-06,9.224253416061401,2.096390724182129
97,0.08385887717926523,0.004958766259798313,0.040520712276333644,0.034203586068632656,0.07675879672518733,0.9516419662110381,0.9516419662110381,0.24713238096865817,0.10446046003381201,0.08953372608540609,0.08713017227642755,0.10627639307991625,0.011721796000497183,0.011721796000497183,0.014438598589015883,0.05,0.15078043704317606,0.0075823382277487505,0.15183109604910947,0.006096220866340438,1.2196827521475405e-06,9.327046394348145,2.096390724182129
98,0.08694130825465847,0.005172765397104682,0.04234541475366693,0.035713464986323495,0.07884625613759232,0.9476410238536667,0.9476410238536667,0.24928701334778222,0.10299520501991084,0.0916900186802175,0.08886135788344228,0.10920358030502748,0.01493947711829339,0.01493947711829339,0.019872032411858063,0.05,0.1780749136617544,0.01052317610490182,0.16777091521428666,0.00781781457022542,1.097676942800558e-06,9.398189067840576,2.096390724182129
99,0.09039824547363505,0.005244548074036994,0.044334403878582396,0.0375466236314741,0.08163858682323355,0.9507985949924446,0.9507985949924446,0.2473253146028007,0.10353076310161546,0.09026238187299411,0.08746106373506014,0.10706434135105095,0.012614845776729968,0.012614845776729968,0.016429081956789812,0.05,0.15959498553365867,0.008660296595530836,0.15353609380538005,0.006577639166514962,1.0244252618962857e-06,9.258447408676147,2.096390724182129
100,0.08882532494691608,0.004927269910541641,0.04335086877748142,0.03695448098332959,0.08109437268436767,0.9492585681423955,0.9492585681423955,0.2482359822076584,0.10364985009332374,0.09080366670812964,0.08793612558117633,0.10756493195434619,0.012862317930366194,0.012862317930366194,0.01655513905321679,0.05,0.16577060931734597,0.008712624671636764,0.1614327153466839,0.0066979937415585925,1e-06,9.3147873878479,2.096390724182129
